ID,PAY
14001,Y
14002,Y
14003,Y
14004,Y
14005,Y
14006,Y
14007,Y
14008,Y
14009,Y
14010,Y
14011,Y
14012,Y
14013,Y
14014,Y
14015,Y
14016,Y
14017,Y
14018,Y
14019,Y
14020,Y
14021,Y
14022,Y
14023,Y
14024,Y
14025,Y
14026,Y
14027,Y
14028,Y
14029,Y
14030,Y
14031,Y
14032,Y
14033,Y
14034,Y
14035,Y
14036,Y
14037,Y
14038,Y
14039,Y
14040,Y
14041,Y
14042,Y
14043,Y
14044,Y
14045,Y
14046,Y
14047,Y
14048,Y
14049,Y
14050,Y
14051,Y
14052,Y
14053,Y
14054,Y
14055,Y
14056,Y
14057,Y
14058,Y
14059,Y
14060,Y
14061,Y
14062,Y
14063,Y
14064,Y
14065,Y
14066,Y
14067,Y
14068,Y
14069,Y
14070,Y
14071,Y
14072,Y
14073,Y
14074,Y
14075,Y
14076,Y
14077,Y
14078,Y
14079,Y
14080,Y
14081,Y
14082,Y
14083,Y
14084,Y
14085,Y
14086,Y
14087,Y
14088,Y
14089,Y
14090,Y
14091,Y
14092,Y
14093,Y
14094,Y
14095,Y
14096,Y
14097,Y
14098,Y
14099,Y
14100,Y
14101,Y
14102,Y
14103,Y
14104,Y
14105,Y
14106,Y
14107,Y
14108,Y
14109,Y
14110,Y
14111,Y
14112,Y
14113,Y
14114,Y
14115,Y
14116,Y
14117,Y
14118,Y
14119,Y
14120,Y
14121,Y
14122,Y
14123,Y
14124,Y
14125,Y
14126,Y
14127,Y
14128,Y
14129,Y
14130,Y
14131,Y
14132,Y
14133,Y
14134,Y
14135,Y
14136,Y
14137,Y
14138,Y
14139,Y
14140,Y
14141,Y
14142,Y
14143,Y
14144,Y
14145,Y
14146,Y
14147,Y
14148,Y
14149,Y
14150,Y
14151,Y
14152,Y
14153,Y
14154,Y
14155,Y
14156,Y
14157,Y
14158,Y
14159,Y
14160,Y
14161,Y
14162,Y
14163,Y
14164,Y
14165,Y
14166,Y
14167,Y
14168,Y
14169,Y
14170,Y
14171,Y
14172,Y
14173,Y
14174,Y
14175,Y
14176,Y
14177,Y
14178,Y
14179,Y
14180,Y
14181,Y
14182,Y
14183,Y
14184,Y
14185,Y
14186,Y
14187,Y
14188,Y
14189,Y
14190,Y
14191,Y
14192,Y
14193,Y
14194,Y
14195,Y
14196,Y
14197,Y
14198,Y
14199,Y
14200,Y
14201,Y
14202,Y
14203,Y
14204,Y
14205,Y
14206,Y
14207,Y
14208,Y
14209,Y
14210,Y
14211,Y
14212,Y
14213,Y
14214,Y
14215,Y
14216,Y
14217,Y
14218,Y
14219,Y
14220,Y
14221,Y
14222,Y
14223,Y
14224,Y
14225,Y
14226,Y
14227,Y
14228,Y
14229,Y
14230,Y
14231,Y
14232,Y
14233,Y
14234,Y
14235,Y
14236,Y
14237,Y
14238,Y
14239,Y
14240,Y
14241,Y
14242,Y
14243,Y
14244,Y
14245,Y
14246,Y
14247,Y
14248,Y
14249,Y
14250,Y
14251,Y
14252,Y
14253,Y
14254,Y
14255,Y
14256,Y
14257,Y
14258,Y
14259,Y
14260,Y
14261,Y
14262,Y
14263,Y
14264,Y
14265,Y
14266,Y
14267,Y
14268,Y
14269,Y
14270,Y
14271,Y
14272,Y
14273,Y
14274,Y
14275,Y
14276,Y
14277,Y
14278,Y
14279,Y
14280,Y
14281,Y
14282,Y
14283,Y
14284,Y
14285,Y
14286,Y
14287,Y
14288,Y
14289,Y
14290,Y
14291,Y
14292,Y
14293,Y
14294,Y
14295,Y
14296,Y
14297,Y
14298,Y
14299,Y
14300,Y
14301,Y
14302,Y
14303,Y
14304,Y
14305,Y
14306,Y
14307,Y
14308,Y
14309,Y
14310,Y
14311,Y
14312,Y
14313,Y
14314,Y
14315,Y
14316,Y
14317,Y
14318,Y
14319,Y
14320,Y
14321,Y
14322,Y
14323,Y
14324,Y
14325,Y
14326,Y
14327,Y
14328,Y
14329,Y
14330,Y
14331,Y
14332,Y
14333,Y
14334,Y
14335,Y
14336,Y
14337,Y
14338,Y
14339,Y
14340,Y
14341,Y
14342,Y
14343,Y
14344,Y
14345,Y
14346,Y
14347,Y
14348,Y
14349,Y
14350,Y
14351,Y
14352,Y
14353,Y
14354,Y
14355,Y
14356,Y
14357,Y
14358,Y
14359,Y
14360,Y
14361,Y
14362,Y
14363,Y
14364,Y
14365,Y
14366,Y
14367,Y
14368,Y
14369,Y
14370,Y
14371,Y
14372,Y
14373,Y
14374,Y
14375,Y
14376,Y
14377,Y
14378,Y
14379,Y
14380,Y
14381,Y
14382,Y
14383,Y
14384,Y
14385,Y
14386,Y
14387,Y
14388,Y
14389,Y
14390,Y
14391,Y
14392,Y
14393,Y
14394,Y
14395,Y
14396,Y
14397,Y
14398,Y
14399,Y
14400,Y
14401,Y
14402,Y
14403,Y
14404,Y
14405,Y
14406,Y
14407,Y
14408,Y
14409,Y
14410,Y
14411,Y
14412,Y
14413,Y
14414,Y
14415,Y
14416,Y
14417,Y
14418,Y
14419,Y
14420,Y
14421,Y
14422,Y
14423,Y
14424,Y
14425,Y
14426,Y
14427,Y
14428,Y
14429,Y
14430,Y
14431,Y
14432,Y
14433,Y
14434,Y
14435,Y
14436,Y
14437,Y
14438,Y
14439,Y
14440,Y
14441,Y
14442,Y
14443,Y
14444,Y
14445,Y
14446,Y
14447,Y
14448,Y
14449,Y
14450,Y
14451,Y
14452,Y
14453,Y
14454,Y
14455,Y
14456,Y
14457,Y
14458,Y
14459,Y
14460,Y
14461,Y
14462,Y
14463,Y
14464,Y
14465,Y
14466,Y
14467,Y
14468,Y
14469,Y
14470,Y
14471,Y
14472,Y
14473,Y
14474,Y
14475,Y
14476,Y
14477,Y
14478,Y
14479,Y
14480,Y
14481,Y
14482,Y
14483,Y
14484,Y
14485,Y
14486,Y
14487,Y
14488,Y
14489,Y
14490,Y
14491,Y
14492,Y
14493,Y
14494,Y
14495,Y
14496,Y
14497,Y
14498,Y
14499,Y
14500,Y
14501,Y
14502,Y
14503,Y
14504,Y
14505,Y
14506,Y
14507,Y
14508,Y
14509,Y
14510,Y
14511,Y
14512,Y
14513,Y
14514,Y
14515,Y
14516,Y
14517,Y
14518,Y
14519,Y
14520,Y
14521,Y
14522,Y
14523,Y
14524,Y
14525,Y
14526,Y
14527,Y
14528,Y
14529,Y
14530,Y
14531,Y
14532,Y
14533,Y
14534,Y
14535,Y
14536,Y
14537,Y
14538,Y
14539,Y
14540,Y
14541,Y
14542,Y
14543,Y
14544,Y
14545,Y
14546,Y
14547,Y
14548,Y
14549,Y
14550,Y
14551,Y
14552,Y
14553,Y
14554,Y
14555,Y
14556,Y
14557,Y
14558,Y
14559,Y
14560,Y
14561,Y
14562,Y
14563,Y
14564,Y
14565,Y
14566,Y
14567,Y
14568,Y
14569,Y
14570,Y
14571,Y
14572,Y
14573,Y
14574,Y
14575,Y
14576,Y
14577,Y
14578,Y
14579,Y
14580,Y
14581,Y
14582,Y
14583,Y
14584,Y
14585,Y
14586,Y
14587,Y
14588,Y
14589,Y
14590,Y
14591,Y
14592,Y
14593,Y
14594,Y
14595,Y
14596,Y
14597,Y
14598,Y
14599,Y
14600,Y
14601,Y
14602,Y
14603,Y
14604,Y
14605,Y
14606,Y
14607,Y
14608,Y
14609,Y
14610,Y
14611,Y
14612,Y
14613,Y
14614,Y
14615,Y
14616,Y
14617,Y
14618,Y
14619,Y
14620,Y
14621,Y
14622,Y
14623,Y
14624,Y
14625,Y
14626,Y
14627,Y
14628,Y
14629,Y
14630,Y
14631,Y
14632,Y
14633,Y
14634,Y
14635,Y
14636,Y
14637,Y
14638,Y
14639,Y
14640,Y
14641,Y
14642,Y
14643,Y
14644,Y
14645,Y
14646,Y
14647,Y
14648,Y
14649,Y
14650,Y
14651,Y
14652,Y
14653,Y
14654,Y
14655,Y
14656,Y
14657,Y
14658,Y
14659,Y
14660,Y
14661,Y
14662,Y
14663,Y
14664,Y
14665,Y
14666,Y
14667,Y
14668,Y
14669,Y
14670,Y
14671,Y
14672,Y
14673,Y
14674,Y
14675,Y
14676,Y
14677,Y
14678,Y
14679,Y
14680,Y
14681,Y
14682,Y
14683,Y
14684,Y
14685,Y
14686,Y
14687,Y
14688,Y
14689,Y
14690,Y
14691,Y
14692,Y
14693,Y
14694,Y
14695,Y
14696,Y
14697,Y
14698,Y
14699,Y
14700,Y
14701,Y
14702,Y
14703,Y
14704,Y
14705,Y
14706,Y
14707,Y
14708,Y
14709,Y
14710,Y
14711,Y
14712,Y
14713,Y
14714,Y
14715,Y
14716,Y
14717,Y
14718,Y
14719,Y
14720,Y
14721,Y
14722,Y
14723,Y
14724,Y
14725,Y
14726,Y
14727,Y
14728,Y
14729,Y
14730,Y
14731,Y
14732,Y
14733,Y
14734,Y
14735,Y
14736,Y
14737,Y
14738,Y
14739,Y
14740,Y
14741,Y
14742,Y
14743,Y
14744,Y
14745,Y
14746,Y
14747,Y
14748,Y
14749,Y
14750,Y
14751,Y
14752,Y
14753,Y
14754,Y
14755,Y
14756,Y
14757,Y
14758,Y
14759,Y
14760,Y
14761,Y
14762,Y
14763,Y
14764,Y
14765,Y
14766,Y
14767,Y
14768,Y
14769,Y
14770,Y
14771,Y
14772,Y
14773,Y
14774,Y
14775,Y
14776,Y
14777,Y
14778,Y
14779,Y
14780,Y
14781,Y
14782,Y
14783,Y
14784,Y
14785,Y
14786,Y
14787,Y
14788,Y
14789,Y
14790,Y
14791,Y
14792,Y
14793,Y
14794,Y
14795,Y
14796,Y
14797,Y
14798,Y
14799,Y
14800,Y
14801,Y
14802,Y
14803,Y
14804,Y
14805,Y
14806,Y
14807,Y
14808,Y
14809,Y
14810,Y
14811,Y
14812,Y
14813,Y
14814,Y
14815,Y
14816,Y
14817,Y
14818,Y
14819,Y
14820,Y
14821,Y
14822,Y
14823,Y
14824,Y
14825,Y
14826,Y
14827,Y
14828,Y
14829,Y
14830,Y
14831,Y
14832,Y
14833,Y
14834,Y
14835,Y
14836,Y
14837,Y
14838,Y
14839,Y
14840,Y
14841,Y
14842,Y
14843,Y
14844,Y
14845,Y
14846,Y
14847,Y
14848,Y
14849,Y
14850,Y
14851,Y
14852,Y
14853,Y
14854,Y
14855,Y
14856,Y
14857,Y
14858,Y
14859,Y
14860,Y
14861,Y
14862,Y
14863,Y
14864,Y
14865,Y
14866,Y
14867,Y
14868,Y
14869,Y
14870,Y
14871,Y
14872,Y
14873,Y
14874,Y
14875,Y
14876,Y
14877,Y
14878,Y
14879,Y
14880,Y
14881,Y
14882,Y
14883,Y
14884,Y
14885,Y
14886,Y
14887,Y
14888,Y
14889,Y
14890,Y
14891,Y
14892,Y
14893,Y
14894,Y
14895,Y
14896,Y
14897,Y
14898,Y
14899,Y
14900,Y
14901,Y
14902,Y
14903,Y
14904,Y
14905,Y
14906,Y
14907,Y
14908,Y
14909,Y
14910,Y
14911,Y
14912,Y
14913,Y
14914,Y
14915,Y
14916,Y
14917,Y
14918,Y
14919,Y
14920,Y
14921,Y
14922,Y
14923,Y
14924,Y
14925,Y
14926,Y
14927,Y
14928,Y
14929,Y
14930,Y
14931,Y
14932,Y
14933,Y
14934,Y
14935,Y
14936,Y
14937,Y
14938,Y
14939,Y
14940,Y
14941,Y
14942,Y
14943,Y
14944,Y
14945,Y
14946,Y
14947,Y
14948,Y
14949,Y
14950,Y
14951,Y
14952,Y
14953,Y
14954,Y
14955,Y
14956,Y
14957,Y
14958,Y
14959,Y
14960,Y
14961,Y
14962,Y
14963,Y
14964,Y
14965,Y
14966,Y
14967,Y
14968,Y
14969,Y
14970,Y
14971,Y
14972,Y
14973,Y
14974,Y
14975,Y
14976,Y
14977,Y
14978,Y
14979,Y
14980,Y
14981,Y
14982,Y
14983,Y
14984,Y
14985,Y
14986,Y
14987,Y
14988,Y
14989,Y
14990,Y
14991,Y
14992,Y
14993,Y
14994,Y
14995,Y
14996,Y
14997,Y
14998,Y
14999,Y
15000,Y
15001,Y
15002,Y
15003,Y
15004,Y
15005,Y
15006,Y
15007,Y
15008,Y
15009,Y
15010,Y
15011,Y
15012,Y
15013,Y
15014,Y
15015,Y
15016,Y
15017,Y
15018,Y
15019,Y
15020,Y
15021,Y
15022,Y
15023,Y
15024,Y
15025,Y
15026,Y
15027,Y
15028,Y
15029,Y
15030,Y
15031,Y
15032,Y
15033,Y
15034,Y
15035,Y
15036,Y
15037,Y
15038,Y
15039,Y
15040,Y
15041,Y
15042,Y
15043,Y
15044,Y
15045,Y
15046,Y
15047,Y
15048,Y
15049,Y
15050,Y
15051,Y
15052,Y
15053,Y
15054,Y
15055,Y
15056,Y
15057,Y
15058,Y
15059,Y
15060,Y
15061,Y
15062,Y
15063,Y
15064,Y
15065,Y
15066,Y
15067,Y
15068,Y
15069,Y
15070,Y
15071,Y
15072,Y
15073,Y
15074,Y
15075,Y
15076,Y
15077,Y
15078,Y
15079,Y
15080,Y
15081,Y
15082,Y
15083,Y
15084,Y
15085,Y
15086,Y
15087,Y
15088,Y
15089,Y
15090,Y
15091,Y
15092,Y
15093,Y
15094,Y
15095,Y
15096,Y
15097,Y
15098,Y
15099,Y
15100,Y
15101,Y
15102,Y
15103,Y
15104,Y
15105,Y
15106,Y
15107,Y
15108,Y
15109,Y
15110,Y
15111,Y
15112,Y
15113,Y
15114,Y
15115,Y
15116,Y
15117,Y
15118,Y
15119,Y
15120,Y
15121,Y
15122,Y
15123,Y
15124,Y
15125,Y
15126,Y
15127,Y
15128,Y
15129,Y
15130,Y
15131,Y
15132,Y
15133,Y
15134,Y
15135,Y
15136,Y
15137,Y
15138,Y
15139,Y
15140,Y
15141,Y
15142,Y
15143,Y
15144,Y
15145,Y
15146,Y
15147,Y
15148,Y
15149,Y
15150,Y
15151,Y
15152,Y
15153,Y
15154,Y
15155,Y
15156,Y
15157,Y
15158,Y
15159,Y
15160,Y
15161,Y
15162,Y
15163,Y
15164,Y
15165,Y
15166,Y
15167,Y
15168,Y
15169,Y
15170,Y
15171,Y
15172,Y
15173,Y
15174,Y
15175,Y
15176,Y
15177,Y
15178,Y
15179,Y
15180,Y
15181,Y
15182,Y
15183,Y
15184,Y
15185,Y
15186,Y
15187,Y
15188,Y
15189,Y
15190,Y
15191,Y
15192,Y
15193,Y
15194,Y
15195,Y
15196,Y
15197,Y
15198,Y
15199,Y
15200,Y
15201,Y
15202,Y
15203,Y
15204,Y
15205,Y
15206,Y
15207,Y
15208,Y
15209,Y
15210,Y
15211,Y
15212,Y
15213,Y
15214,Y
15215,Y
15216,Y
15217,Y
15218,Y
15219,Y
15220,Y
15221,Y
15222,Y
15223,Y
15224,Y
15225,Y
15226,Y
15227,Y
15228,Y
15229,Y
15230,Y
15231,Y
15232,Y
15233,Y
15234,Y
15235,Y
15236,Y
15237,Y
15238,Y
15239,Y
15240,Y
15241,Y
15242,Y
15243,Y
15244,Y
15245,Y
15246,Y
15247,Y
15248,Y
15249,Y
15250,Y
15251,Y
15252,Y
15253,Y
15254,Y
15255,Y
15256,Y
15257,Y
15258,Y
15259,Y
15260,Y
15261,Y
15262,Y
15263,Y
15264,Y
15265,Y
15266,Y
15267,Y
15268,Y
15269,Y
15270,Y
15271,Y
15272,Y
15273,Y
15274,Y
15275,Y
15276,Y
15277,Y
15278,Y
15279,Y
15280,Y
15281,Y
15282,Y
15283,Y
15284,Y
15285,Y
15286,Y
15287,Y
15288,Y
15289,Y
15290,Y
15291,Y
15292,Y
15293,Y
15294,Y
15295,Y
15296,Y
15297,Y
15298,Y
15299,Y
15300,Y
15301,Y
15302,Y
15303,Y
15304,Y
15305,Y
15306,Y
15307,Y
15308,Y
15309,Y
15310,Y
15311,Y
15312,Y
15313,Y
15314,Y
15315,Y
15316,Y
15317,Y
15318,Y
15319,Y
15320,Y
15321,Y
15322,Y
15323,Y
15324,Y
15325,Y
15326,Y
15327,Y
15328,Y
15329,Y
15330,Y
15331,Y
15332,Y
15333,Y
15334,Y
15335,Y
15336,Y
15337,Y
15338,Y
15339,Y
15340,Y
15341,Y
15342,Y
15343,Y
15344,Y
15345,Y
15346,Y
15347,Y
15348,Y
15349,Y
15350,Y
15351,Y
15352,Y
15353,Y
15354,Y
15355,Y
15356,Y
15357,Y
15358,Y
15359,Y
15360,Y
15361,Y
15362,Y
15363,Y
15364,Y
15365,Y
15366,Y
15367,Y
15368,Y
15369,Y
15370,Y
15371,Y
15372,Y
15373,Y
15374,Y
15375,Y
15376,Y
15377,Y
15378,Y
15379,Y
15380,Y
15381,Y
15382,Y
15383,Y
15384,Y
15385,Y
15386,Y
15387,Y
15388,Y
15389,Y
15390,Y
15391,Y
15392,Y
15393,Y
15394,Y
15395,Y
15396,Y
15397,Y
15398,Y
15399,Y
15400,Y
15401,Y
15402,Y
15403,Y
15404,Y
15405,Y
15406,Y
15407,Y
15408,Y
15409,Y
15410,Y
15411,Y
15412,Y
15413,Y
15414,Y
15415,Y
15416,Y
15417,Y
15418,Y
15419,Y
15420,Y
15421,Y
15422,Y
15423,Y
15424,Y
15425,Y
15426,Y
15427,Y
15428,Y
15429,Y
15430,Y
15431,Y
15432,Y
15433,Y
15434,Y
15435,Y
15436,Y
15437,Y
15438,Y
15439,Y
15440,Y
15441,Y
15442,Y
15443,Y
15444,Y
15445,Y
15446,Y
15447,Y
15448,Y
15449,Y
15450,Y
15451,Y
15452,Y
15453,Y
15454,Y
15455,Y
15456,Y
15457,Y
15458,Y
15459,Y
15460,Y
15461,Y
15462,Y
15463,Y
15464,Y
15465,Y
15466,Y
15467,Y
15468,Y
15469,Y
15470,Y
15471,Y
15472,Y
15473,Y
15474,Y
15475,Y
15476,Y
15477,Y
15478,Y
15479,Y
15480,Y
15481,Y
15482,Y
15483,Y
15484,Y
15485,Y
15486,Y
15487,Y
15488,Y
15489,Y
15490,Y
15491,Y
15492,Y
15493,Y
15494,Y
15495,Y
15496,Y
15497,Y
15498,Y
15499,Y
15500,Y
15501,Y
15502,Y
15503,Y
15504,Y
15505,Y
15506,Y
15507,Y
15508,Y
15509,Y
15510,Y
15511,Y
15512,Y
15513,Y
15514,Y
15515,Y
15516,Y
15517,Y
15518,Y
15519,Y
15520,Y
15521,Y
15522,Y
15523,Y
15524,Y
15525,Y
15526,Y
15527,Y
15528,Y
15529,Y
15530,Y
15531,Y
15532,Y
15533,Y
15534,Y
15535,Y
15536,Y
15537,Y
15538,Y
15539,Y
15540,Y
15541,Y
15542,Y
15543,Y
15544,Y
15545,Y
15546,Y
15547,Y
15548,Y
15549,Y
15550,Y
15551,Y
15552,Y
15553,Y
15554,Y
15555,Y
15556,Y
15557,Y
15558,Y
15559,Y
15560,Y
15561,Y
15562,Y
15563,Y
15564,Y
15565,Y
15566,Y
15567,Y
15568,Y
15569,Y
15570,Y
15571,Y
15572,Y
15573,Y
15574,Y
15575,Y
15576,Y
15577,Y
15578,Y
15579,Y
15580,Y
15581,Y
15582,Y
15583,Y
15584,Y
15585,Y
15586,Y
15587,Y
15588,Y
15589,Y
15590,Y
15591,Y
15592,Y
15593,Y
15594,Y
15595,Y
15596,Y
15597,Y
15598,Y
15599,Y
15600,Y
15601,Y
15602,Y
15603,Y
15604,Y
15605,Y
15606,Y
15607,Y
15608,Y
15609,Y
15610,Y
15611,Y
15612,Y
15613,Y
15614,Y
15615,Y
15616,Y
15617,Y
15618,Y
15619,Y
15620,Y
15621,Y
15622,Y
15623,Y
15624,Y
15625,Y
15626,Y
15627,Y
15628,Y
15629,Y
15630,Y
15631,Y
15632,Y
15633,Y
15634,Y
15635,Y
15636,Y
15637,Y
15638,Y
15639,Y
15640,Y
15641,Y
15642,Y
15643,Y
15644,Y
15645,Y
15646,Y
15647,Y
15648,Y
15649,Y
15650,Y
15651,Y
15652,Y
15653,Y
15654,Y
15655,Y
15656,Y
15657,Y
15658,Y
15659,Y
15660,Y
15661,Y
15662,Y
15663,Y
15664,Y
15665,Y
15666,Y
15667,Y
15668,Y
15669,Y
15670,Y
15671,Y
15672,Y
15673,Y
15674,Y
15675,Y
15676,Y
15677,Y
15678,Y
15679,Y
15680,Y
15681,Y
15682,Y
15683,Y
15684,Y
15685,Y
15686,Y
15687,Y
15688,Y
15689,Y
15690,Y
15691,Y
15692,Y
15693,Y
15694,Y
15695,Y
15696,Y
15697,Y
15698,Y
15699,Y
15700,Y
15701,Y
15702,Y
15703,Y
15704,Y
15705,Y
15706,Y
15707,Y
15708,Y
15709,Y
15710,Y
15711,Y
15712,Y
15713,Y
15714,Y
15715,Y
15716,Y
15717,Y
15718,Y
15719,Y
15720,Y
15721,Y
15722,Y
15723,Y
15724,Y
15725,Y
15726,Y
15727,Y
15728,Y
15729,Y
15730,Y
15731,Y
15732,Y
15733,Y
15734,Y
15735,Y
15736,Y
15737,Y
15738,Y
15739,Y
15740,Y
15741,Y
15742,Y
15743,Y
15744,Y
15745,Y
15746,Y
15747,Y
15748,Y
15749,Y
15750,Y
15751,Y
15752,Y
15753,Y
15754,Y
15755,Y
15756,Y
15757,Y
15758,Y
15759,Y
15760,Y
15761,Y
15762,Y
15763,Y
15764,Y
15765,Y
15766,Y
15767,Y
15768,Y
15769,Y
15770,Y
15771,Y
15772,Y
15773,Y
15774,Y
15775,Y
15776,Y
15777,Y
15778,Y
15779,Y
15780,Y
15781,Y
15782,Y
15783,Y
15784,Y
15785,Y
15786,Y
15787,Y
15788,Y
15789,Y
15790,Y
15791,Y
15792,Y
15793,Y
15794,Y
15795,Y
15796,Y
15797,Y
15798,Y
15799,Y
15800,Y
15801,Y
15802,Y
15803,Y
15804,Y
15805,Y
15806,Y
15807,Y
15808,Y
15809,Y
15810,Y
15811,Y
15812,Y
15813,Y
15814,Y
15815,Y
15816,Y
15817,Y
15818,Y
15819,Y
15820,Y
15821,Y
15822,Y
15823,Y
15824,Y
15825,Y
15826,Y
15827,Y
15828,Y
15829,Y
15830,Y
15831,Y
15832,Y
15833,Y
15834,Y
15835,Y
15836,Y
15837,Y
15838,Y
15839,Y
15840,Y
15841,Y
15842,Y
15843,Y
15844,Y
15845,Y
15846,Y
15847,Y
15848,Y
15849,Y
15850,Y
15851,Y
15852,Y
15853,Y
15854,Y
15855,Y
15856,Y
15857,Y
15858,Y
15859,Y
15860,Y
15861,Y
15862,Y
15863,Y
15864,Y
15865,Y
15866,Y
15867,Y
15868,Y
15869,Y
15870,Y
15871,Y
15872,Y
15873,Y
15874,Y
15875,Y
15876,Y
15877,Y
15878,Y
15879,Y
15880,Y
15881,Y
15882,Y
15883,Y
15884,Y
15885,Y
15886,Y
15887,Y
15888,Y
15889,Y
15890,Y
15891,Y
15892,Y
15893,Y
15894,Y
15895,Y
15896,Y
15897,Y
15898,Y
15899,Y
15900,Y
15901,Y
15902,Y
15903,Y
15904,Y
15905,Y
15906,Y
15907,Y
15908,Y
15909,Y
15910,Y
15911,Y
15912,Y
15913,Y
15914,Y
15915,Y
15916,Y
15917,Y
15918,Y
15919,Y
15920,Y
15921,Y
15922,Y
15923,Y
15924,Y
15925,Y
15926,Y
15927,Y
15928,Y
15929,Y
15930,Y
15931,Y
15932,Y
15933,Y
15934,Y
15935,Y
15936,Y
15937,Y
15938,Y
15939,Y
15940,Y
15941,Y
15942,Y
15943,Y
15944,Y
15945,Y
15946,Y
15947,Y
15948,Y
15949,Y
15950,Y
15951,Y
15952,Y
15953,Y
15954,Y
15955,Y
15956,Y
15957,Y
15958,Y
15959,Y
15960,Y
15961,Y
15962,Y
15963,Y
15964,Y
15965,Y
15966,Y
15967,Y
15968,Y
15969,Y
15970,Y
15971,Y
15972,Y
15973,Y
15974,Y
15975,Y
15976,Y
15977,Y
15978,Y
15979,Y
15980,Y
15981,Y
15982,Y
15983,Y
15984,Y
15985,Y
15986,Y
15987,Y
15988,Y
15989,Y
15990,Y
15991,Y
15992,Y
15993,Y
15994,Y
15995,Y
15996,Y
15997,Y
15998,Y
15999,Y
16000,Y
16001,Y
16002,Y
16003,Y
16004,Y
16005,Y
16006,Y
16007,Y
16008,Y
16009,Y
16010,Y
16011,Y
16012,Y
16013,Y
16014,Y
16015,Y
16016,Y
16017,Y
16018,Y
16019,Y
16020,Y
16021,Y
16022,Y
16023,Y
16024,Y
16025,Y
16026,Y
16027,Y
16028,Y
16029,Y
16030,Y
16031,Y
16032,Y
16033,Y
16034,Y
16035,Y
16036,Y
16037,Y
16038,Y
16039,Y
16040,Y
16041,Y
16042,Y
16043,Y
16044,Y
16045,Y
16046,Y
16047,Y
16048,Y
16049,Y
16050,Y
16051,Y
16052,Y
16053,Y
16054,Y
16055,Y
16056,Y
16057,Y
16058,Y
16059,Y
16060,Y
16061,Y
16062,Y
16063,Y
16064,Y
16065,Y
16066,Y
16067,Y
16068,Y
16069,Y
16070,Y
16071,Y
16072,Y
16073,Y
16074,Y
16075,Y
16076,Y
16077,Y
16078,Y
16079,Y
16080,Y
16081,Y
16082,Y
16083,Y
16084,Y
16085,Y
16086,Y
16087,Y
16088,Y
16089,Y
16090,Y
16091,Y
16092,Y
16093,Y
16094,Y
16095,Y
16096,Y
16097,Y
16098,Y
16099,Y
16100,Y
16101,Y
16102,Y
16103,Y
16104,Y
16105,Y
16106,Y
16107,Y
16108,Y
16109,Y
16110,Y
16111,Y
16112,Y
16113,Y
16114,Y
16115,Y
16116,Y
16117,Y
16118,Y
16119,Y
16120,Y
16121,Y
16122,Y
16123,Y
16124,Y
16125,Y
16126,Y
16127,Y
16128,Y
16129,Y
16130,Y
16131,Y
16132,Y
16133,Y
16134,Y
16135,Y
16136,Y
16137,Y
16138,Y
16139,Y
16140,Y
16141,Y
16142,Y
16143,Y
16144,Y
16145,Y
16146,Y
16147,Y
16148,Y
16149,Y
16150,Y
16151,Y
16152,Y
16153,Y
16154,Y
16155,Y
16156,Y
16157,Y
16158,Y
16159,Y
16160,Y
16161,Y
16162,Y
16163,Y
16164,Y
16165,Y
16166,Y
16167,Y
16168,Y
16169,Y
16170,Y
16171,Y
16172,Y
16173,Y
16174,Y
16175,Y
16176,Y
16177,Y
16178,Y
16179,Y
16180,Y
16181,Y
16182,Y
16183,Y
16184,Y
16185,Y
16186,Y
16187,Y
16188,Y
16189,Y
16190,Y
16191,Y
16192,Y
16193,Y
16194,Y
16195,Y
16196,Y
16197,Y
16198,Y
16199,Y
16200,Y
16201,Y
16202,Y
16203,Y
16204,Y
16205,Y
16206,Y
16207,Y
16208,Y
16209,Y
16210,Y
16211,Y
16212,Y
16213,Y
16214,Y
16215,Y
16216,Y
16217,Y
16218,Y
16219,Y
16220,Y
16221,Y
16222,Y
16223,Y
16224,Y
16225,Y
16226,Y
16227,Y
16228,Y
16229,Y
16230,Y
16231,Y
16232,Y
16233,Y
16234,Y
16235,Y
16236,Y
16237,Y
16238,Y
16239,Y
16240,Y
16241,Y
16242,Y
16243,Y
16244,Y
16245,Y
16246,Y
16247,Y
16248,Y
16249,Y
16250,Y
16251,Y
16252,Y
16253,Y
16254,Y
16255,Y
16256,Y
16257,Y
16258,Y
16259,Y
16260,Y
16261,Y
16262,Y
16263,Y
16264,Y
16265,Y
16266,Y
16267,Y
16268,Y
16269,Y
16270,Y
16271,Y
16272,Y
16273,Y
16274,Y
16275,Y
16276,Y
16277,Y
16278,Y
16279,Y
16280,Y
16281,Y
16282,Y
16283,Y
16284,Y
16285,Y
16286,Y
16287,Y
16288,Y
16289,Y
16290,Y
16291,Y
16292,Y
16293,Y
16294,Y
16295,Y
16296,Y
16297,Y
16298,Y
16299,Y
16300,Y
16301,Y
16302,Y
16303,Y
16304,Y
16305,Y
16306,Y
16307,Y
16308,Y
16309,Y
16310,Y
16311,Y
16312,Y
16313,Y
16314,Y
16315,Y
16316,Y
16317,Y
16318,Y
16319,Y
16320,Y
16321,Y
16322,Y
16323,Y
16324,Y
16325,Y
16326,Y
16327,Y
16328,Y
16329,Y
16330,Y
16331,Y
16332,Y
16333,Y
16334,Y
16335,Y
16336,Y
16337,Y
16338,Y
16339,Y
16340,Y
16341,Y
16342,Y
16343,Y
16344,Y
16345,Y
16346,Y
16347,Y
16348,Y
16349,Y
16350,Y
16351,Y
16352,Y
16353,Y
16354,Y
16355,Y
16356,Y
16357,Y
16358,Y
16359,Y
16360,Y
16361,Y
16362,Y
16363,Y
16364,Y
16365,Y
16366,Y
16367,Y
16368,Y
16369,Y
16370,Y
16371,Y
16372,Y
16373,Y
16374,Y
16375,Y
16376,Y
16377,Y
16378,Y
16379,Y
16380,Y
16381,Y
16382,Y
16383,Y
16384,Y
16385,Y
16386,Y
16387,Y
16388,Y
16389,Y
16390,Y
16391,Y
16392,Y
16393,Y
16394,Y
16395,Y
16396,Y
16397,Y
16398,Y
16399,Y
16400,Y
16401,Y
16402,Y
16403,Y
16404,Y
16405,Y
16406,Y
16407,Y
16408,Y
16409,Y
16410,Y
16411,Y
16412,Y
16413,Y
16414,Y
16415,Y
16416,Y
16417,Y
16418,Y
16419,Y
16420,Y
16421,Y
16422,Y
16423,Y
16424,Y
16425,Y
16426,Y
16427,Y
16428,Y
16429,Y
16430,Y
16431,Y
16432,Y
16433,Y
16434,Y
16435,Y
16436,Y
16437,Y
16438,Y
16439,Y
16440,Y
16441,Y
16442,Y
16443,Y
16444,Y
16445,Y
16446,Y
16447,Y
16448,Y
16449,Y
16450,Y
16451,Y
16452,Y
16453,Y
16454,Y
16455,Y
16456,Y
16457,Y
16458,Y
16459,Y
16460,Y
16461,Y
16462,Y
16463,Y
16464,Y
16465,Y
16466,Y
16467,Y
16468,Y
16469,Y
16470,Y
16471,Y
16472,Y
16473,Y
16474,Y
16475,Y
16476,Y
16477,Y
16478,Y
16479,Y
16480,Y
16481,Y
16482,Y
16483,Y
16484,Y
16485,Y
16486,Y
16487,Y
16488,Y
16489,Y
16490,Y
16491,Y
16492,Y
16493,Y
16494,Y
16495,Y
16496,Y
16497,Y
16498,Y
16499,Y
16500,Y
16501,Y
16502,Y
16503,Y
16504,Y
16505,Y
16506,Y
16507,Y
16508,Y
16509,Y
16510,Y
16511,Y
16512,Y
16513,Y
16514,Y
16515,Y
16516,Y
16517,Y
16518,Y
16519,Y
16520,Y
16521,Y
16522,Y
16523,Y
16524,Y
16525,Y
16526,Y
16527,Y
16528,Y
16529,Y
16530,Y
16531,Y
16532,Y
16533,Y
16534,Y
16535,Y
16536,Y
16537,Y
16538,Y
16539,Y
16540,Y
16541,Y
16542,Y
16543,Y
16544,Y
16545,Y
16546,Y
16547,Y
16548,Y
16549,Y
16550,Y
16551,Y
16552,Y
16553,Y
16554,Y
16555,Y
16556,Y
16557,Y
16558,Y
16559,Y
16560,Y
16561,Y
16562,Y
16563,Y
16564,Y
16565,Y
16566,Y
16567,Y
16568,Y
16569,Y
16570,Y
16571,Y
16572,Y
16573,Y
16574,Y
16575,Y
16576,Y
16577,Y
16578,Y
16579,Y
16580,Y
16581,Y
16582,Y
16583,Y
16584,Y
16585,Y
16586,Y
16587,Y
16588,Y
16589,Y
16590,Y
16591,Y
16592,Y
16593,Y
16594,Y
16595,Y
16596,Y
16597,Y
16598,Y
16599,Y
16600,Y
16601,Y
16602,Y
16603,Y
16604,Y
16605,Y
16606,Y
16607,Y
16608,Y
16609,Y
16610,Y
16611,Y
16612,Y
16613,Y
16614,Y
16615,Y
16616,Y
16617,Y
16618,Y
16619,Y
16620,Y
16621,Y
16622,Y
16623,Y
16624,Y
16625,Y
16626,Y
16627,Y
16628,Y
16629,Y
16630,Y
16631,Y
16632,Y
16633,Y
16634,Y
16635,Y
16636,Y
16637,Y
16638,Y
16639,Y
16640,Y
16641,Y
16642,Y
16643,Y
16644,Y
16645,Y
16646,Y
16647,Y
16648,Y
16649,Y
16650,Y
16651,Y
16652,Y
16653,Y
16654,Y
16655,Y
16656,Y
16657,Y
16658,Y
16659,Y
16660,Y
16661,Y
16662,Y
16663,Y
16664,Y
16665,Y
16666,Y
16667,Y
16668,Y
16669,Y
16670,Y
16671,Y
16672,Y
16673,Y
16674,Y
16675,Y
16676,Y
16677,Y
16678,Y
16679,Y
16680,Y
16681,Y
16682,Y
16683,Y
16684,Y
16685,Y
16686,Y
16687,Y
16688,Y
16689,Y
16690,Y
16691,Y
16692,Y
16693,Y
16694,Y
16695,Y
16696,Y
16697,Y
16698,Y
16699,Y
16700,Y
16701,Y
16702,Y
16703,Y
16704,Y
16705,Y
16706,Y
16707,Y
16708,Y
16709,Y
16710,Y
16711,Y
16712,Y
16713,Y
16714,Y
16715,Y
16716,Y
16717,Y
16718,Y
16719,Y
16720,Y
16721,Y
16722,Y
16723,Y
16724,Y
16725,Y
16726,Y
16727,Y
16728,Y
16729,Y
16730,Y
16731,Y
16732,Y
16733,Y
16734,Y
16735,Y
16736,Y
16737,Y
16738,Y
16739,Y
16740,Y
16741,Y
16742,Y
16743,Y
16744,Y
16745,Y
16746,Y
16747,Y
16748,Y
16749,Y
16750,Y
16751,Y
16752,Y
16753,Y
16754,Y
16755,Y
16756,Y
16757,Y
16758,Y
16759,Y
16760,Y
16761,Y
16762,Y
16763,Y
16764,Y
16765,Y
16766,Y
16767,Y
16768,Y
16769,Y
16770,Y
16771,Y
16772,Y
16773,Y
16774,Y
16775,Y
16776,Y
16777,Y
16778,Y
16779,Y
16780,Y
16781,Y
16782,Y
16783,Y
16784,Y
16785,Y
16786,Y
16787,Y
16788,Y
16789,Y
16790,Y
16791,Y
16792,Y
16793,Y
16794,Y
16795,Y
16796,Y
16797,Y
16798,Y
16799,Y
16800,Y
16801,Y
16802,Y
16803,Y
16804,Y
16805,Y
16806,Y
16807,Y
16808,Y
16809,Y
16810,Y
16811,Y
16812,Y
16813,Y
16814,Y
16815,Y
16816,Y
16817,Y
16818,Y
16819,Y
16820,Y
16821,Y
16822,Y
16823,Y
16824,Y
16825,Y
16826,Y
16827,Y
16828,Y
16829,Y
16830,Y
16831,Y
16832,Y
16833,Y
16834,Y
16835,Y
16836,Y
16837,Y
16838,Y
16839,Y
16840,Y
16841,Y
16842,Y
16843,Y
16844,Y
16845,Y
16846,Y
16847,Y
16848,Y
16849,Y
16850,Y
16851,Y
16852,Y
16853,Y
16854,Y
16855,Y
16856,Y
16857,Y
16858,Y
16859,Y
16860,Y
16861,Y
16862,Y
16863,Y
16864,Y
16865,Y
16866,Y
16867,Y
16868,Y
16869,Y
16870,Y
16871,Y
16872,Y
16873,Y
16874,Y
16875,Y
16876,Y
16877,Y
16878,Y
16879,Y
16880,Y
16881,Y
16882,Y
16883,Y
16884,Y
16885,Y
16886,Y
16887,Y
16888,Y
16889,Y
16890,Y
16891,Y
16892,Y
16893,Y
16894,Y
16895,Y
16896,Y
16897,Y
16898,Y
16899,Y
16900,Y
16901,Y
16902,Y
16903,Y
16904,Y
16905,Y
16906,Y
16907,Y
16908,Y
16909,Y
16910,Y
16911,Y
16912,Y
16913,Y
16914,Y
16915,Y
16916,Y
16917,Y
16918,Y
16919,Y
16920,Y
16921,Y
16922,Y
16923,Y
16924,Y
16925,Y
16926,Y
16927,Y
16928,Y
16929,Y
16930,Y
16931,Y
16932,Y
16933,Y
16934,Y
16935,Y
16936,Y
16937,Y
16938,Y
16939,Y
16940,Y
16941,Y
16942,Y
16943,Y
16944,Y
16945,Y
16946,Y
16947,Y
16948,Y
16949,Y
16950,Y
16951,Y
16952,Y
16953,Y
16954,Y
16955,Y
16956,Y
16957,Y
16958,Y
16959,Y
16960,Y
16961,Y
16962,Y
16963,Y
16964,Y
16965,Y
16966,Y
16967,Y
16968,Y
16969,Y
16970,Y
16971,Y
16972,Y
16973,Y
16974,Y
16975,Y
16976,Y
16977,Y
16978,Y
16979,Y
16980,Y
16981,Y
16982,Y
16983,Y
16984,Y
16985,Y
16986,Y
16987,Y
16988,Y
16989,Y
16990,Y
16991,Y
16992,Y
16993,Y
16994,Y
16995,Y
16996,Y
16997,Y
16998,Y
16999,Y
17000,Y
17001,Y
17002,Y
17003,Y
17004,Y
17005,Y
17006,Y
17007,Y
17008,Y
17009,Y
17010,Y
17011,Y
17012,Y
17013,Y
17014,Y
17015,Y
17016,Y
17017,Y
17018,Y
17019,Y
17020,Y
17021,Y
17022,Y
17023,Y
17024,Y
17025,Y
17026,Y
17027,Y
17028,Y
17029,Y
17030,Y
17031,Y
17032,Y
17033,Y
17034,Y
17035,Y
17036,Y
17037,Y
17038,Y
17039,Y
17040,Y
17041,Y
17042,Y
17043,Y
17044,Y
17045,Y
17046,Y
17047,Y
17048,Y
17049,Y
17050,Y
17051,Y
17052,Y
17053,Y
17054,Y
17055,Y
17056,Y
17057,Y
17058,Y
17059,Y
17060,Y
17061,Y
17062,Y
17063,Y
17064,Y
17065,Y
17066,Y
17067,Y
17068,Y
17069,Y
17070,Y
17071,Y
17072,Y
17073,Y
17074,Y
17075,Y
17076,Y
17077,Y
17078,Y
17079,Y
17080,Y
17081,Y
17082,Y
17083,Y
17084,Y
17085,Y
17086,Y
17087,Y
17088,Y
17089,Y
17090,Y
17091,Y
17092,Y
17093,Y
17094,Y
17095,Y
17096,Y
17097,Y
17098,Y
17099,Y
17100,Y
17101,Y
17102,Y
17103,Y
17104,Y
17105,Y
17106,Y
17107,Y
17108,Y
17109,Y
17110,Y
17111,Y
17112,Y
17113,Y
17114,Y
17115,Y
17116,Y
17117,Y
17118,Y
17119,Y
17120,Y
17121,Y
17122,Y
17123,Y
17124,Y
17125,Y
17126,Y
17127,Y
17128,Y
17129,Y
17130,Y
17131,Y
17132,Y
17133,Y
17134,Y
17135,Y
17136,Y
17137,Y
17138,Y
17139,Y
17140,Y
17141,Y
17142,Y
17143,Y
17144,Y
17145,Y
17146,Y
17147,Y
17148,Y
17149,Y
17150,Y
17151,Y
17152,Y
17153,Y
17154,Y
17155,Y
17156,Y
17157,Y
17158,Y
17159,Y
17160,Y
17161,Y
17162,Y
17163,Y
17164,Y
17165,Y
17166,Y
17167,Y
17168,Y
17169,Y
17170,Y
17171,Y
17172,Y
17173,Y
17174,Y
17175,Y
17176,Y
17177,Y
17178,Y
17179,Y
17180,Y
17181,Y
17182,Y
17183,Y
17184,Y
17185,Y
17186,Y
17187,Y
17188,Y
17189,Y
17190,Y
17191,Y
17192,Y
17193,Y
17194,Y
17195,Y
17196,Y
17197,Y
17198,Y
17199,Y
17200,Y
17201,Y
17202,Y
17203,Y
17204,Y
17205,Y
17206,Y
17207,Y
17208,Y
17209,Y
17210,Y
17211,Y
17212,Y
17213,Y
17214,Y
17215,Y
17216,Y
17217,Y
17218,Y
17219,Y
17220,Y
17221,Y
17222,Y
17223,Y
17224,Y
17225,Y
17226,Y
17227,Y
17228,Y
17229,Y
17230,Y
17231,Y
17232,Y
17233,Y
17234,Y
17235,Y
17236,Y
17237,Y
17238,Y
17239,Y
17240,Y
17241,Y
17242,Y
17243,Y
17244,Y
17245,Y
17246,Y
17247,Y
17248,Y
17249,Y
17250,Y
17251,Y
17252,Y
17253,Y
17254,Y
17255,Y
17256,Y
17257,Y
17258,Y
17259,Y
17260,Y
17261,Y
17262,Y
17263,Y
17264,Y
17265,Y
17266,Y
17267,Y
17268,Y
17269,Y
17270,Y
17271,Y
17272,Y
17273,Y
17274,Y
17275,Y
17276,Y
17277,Y
17278,Y
17279,Y
17280,Y
17281,Y
17282,Y
17283,Y
17284,Y
17285,Y
17286,Y
17287,Y
17288,Y
17289,Y
17290,Y
17291,Y
17292,Y
17293,Y
17294,Y
17295,Y
17296,Y
17297,Y
17298,Y
17299,Y
17300,Y
17301,Y
17302,Y
17303,Y
17304,Y
17305,Y
17306,Y
17307,Y
17308,Y
17309,Y
17310,Y
17311,Y
17312,Y
17313,Y
17314,Y
17315,Y
17316,Y
17317,Y
17318,Y
17319,Y
17320,Y
17321,Y
17322,Y
17323,Y
17324,Y
17325,Y
17326,Y
17327,Y
17328,Y
17329,Y
17330,Y
17331,Y
17332,Y
17333,Y
17334,Y
17335,Y
17336,Y
17337,Y
17338,Y
17339,Y
17340,Y
17341,Y
17342,Y
17343,Y
17344,Y
17345,Y
17346,Y
17347,Y
17348,Y
17349,Y
17350,Y
17351,Y
17352,Y
17353,Y
17354,Y
17355,Y
17356,Y
17357,Y
17358,Y
17359,Y
17360,Y
17361,Y
17362,Y
17363,Y
17364,Y
17365,Y
17366,Y
17367,Y
17368,Y
17369,Y
17370,Y
17371,Y
17372,Y
17373,Y
17374,Y
17375,Y
17376,Y
17377,Y
17378,Y
17379,Y
17380,Y
17381,Y
17382,Y
17383,Y
17384,Y
17385,Y
17386,Y
17387,Y
17388,Y
17389,Y
17390,Y
17391,Y
17392,Y
17393,Y
17394,Y
17395,Y
17396,Y
17397,Y
17398,Y
17399,Y
17400,Y
17401,Y
17402,Y
17403,Y
17404,Y
17405,Y
17406,Y
17407,Y
17408,Y
17409,Y
17410,Y
17411,Y
17412,Y
17413,Y
17414,Y
17415,Y
17416,Y
17417,Y
17418,Y
17419,Y
17420,Y
17421,Y
17422,Y
17423,Y
17424,Y
17425,Y
17426,Y
17427,Y
17428,Y
17429,Y
17430,Y
17431,Y
17432,Y
17433,Y
17434,Y
17435,Y
17436,Y
17437,Y
17438,Y
17439,Y
17440,Y
17441,Y
17442,Y
17443,Y
17444,Y
17445,Y
17446,Y
17447,Y
17448,Y
17449,Y
17450,Y
17451,Y
17452,Y
17453,Y
17454,Y
17455,Y
17456,Y
17457,Y
17458,Y
17459,Y
17460,Y
17461,Y
17462,Y
17463,Y
17464,Y
17465,Y
17466,Y
17467,Y
17468,Y
17469,Y
17470,Y
17471,Y
17472,Y
17473,Y
17474,Y
17475,Y
17476,Y
17477,Y
17478,Y
17479,Y
17480,Y
17481,Y
17482,Y
17483,Y
17484,Y
17485,Y
17486,Y
17487,Y
17488,Y
17489,Y
17490,Y
17491,Y
17492,Y
17493,Y
17494,Y
17495,Y
17496,Y
17497,Y
17498,Y
17499,Y
17500,Y
17501,Y
17502,Y
17503,Y
17504,Y
17505,Y
17506,Y
17507,Y
17508,Y
17509,Y
17510,Y
17511,Y
17512,Y
17513,Y
17514,Y
17515,Y
17516,Y
17517,Y
17518,Y
17519,Y
17520,Y
17521,Y
17522,Y
17523,Y
17524,Y
17525,Y
17526,Y
17527,Y
17528,Y
17529,Y
17530,Y
17531,Y
17532,Y
17533,Y
17534,Y
17535,Y
17536,Y
17537,Y
17538,Y
17539,Y
17540,Y
17541,Y
17542,Y
17543,Y
17544,Y
17545,Y
17546,Y
17547,Y
17548,Y
17549,Y
17550,Y
17551,Y
17552,Y
17553,Y
17554,Y
17555,Y
17556,Y
17557,Y
17558,Y
17559,Y
17560,Y
17561,Y
17562,Y
17563,Y
17564,Y
17565,Y
17566,Y
17567,Y
17568,Y
17569,Y
17570,Y
17571,Y
17572,Y
17573,Y
17574,Y
17575,Y
17576,Y
17577,Y
17578,Y
17579,Y
17580,Y
17581,Y
17582,Y
17583,Y
17584,Y
17585,Y
17586,Y
17587,Y
17588,Y
17589,Y
17590,Y
17591,Y
17592,Y
17593,Y
17594,Y
17595,Y
17596,Y
17597,Y
17598,Y
17599,Y
17600,Y
17601,Y
17602,Y
17603,Y
17604,Y
17605,Y
17606,Y
17607,Y
17608,Y
17609,Y
17610,Y
17611,Y
17612,Y
17613,Y
17614,Y
17615,Y
17616,Y
17617,Y
17618,Y
17619,Y
17620,Y
17621,Y
17622,Y
17623,Y
17624,Y
17625,Y
17626,Y
17627,Y
17628,Y
17629,Y
17630,Y
17631,Y
17632,Y
17633,Y
17634,Y
17635,Y
17636,Y
17637,Y
17638,Y
17639,Y
17640,Y
17641,Y
17642,Y
17643,Y
17644,Y
17645,Y
17646,Y
17647,Y
17648,Y
17649,Y
17650,Y
17651,Y
17652,Y
17653,Y
17654,Y
17655,Y
17656,Y
17657,Y
17658,Y
17659,Y
17660,Y
17661,Y
17662,Y
17663,Y
17664,Y
17665,Y
17666,Y
17667,Y
17668,Y
17669,Y
17670,Y
17671,Y
17672,Y
17673,Y
17674,Y
17675,Y
17676,Y
17677,Y
17678,Y
17679,Y
17680,Y
17681,Y
17682,Y
17683,Y
17684,Y
17685,Y
17686,Y
17687,Y
17688,Y
17689,Y
17690,Y
17691,Y
17692,Y
17693,Y
17694,Y
17695,Y
17696,Y
17697,Y
17698,Y
17699,Y
17700,Y
17701,Y
17702,Y
17703,Y
17704,Y
17705,Y
17706,Y
17707,Y
17708,Y
17709,Y
17710,Y
17711,Y
17712,Y
17713,Y
17714,Y
17715,Y
17716,Y
17717,Y
17718,Y
17719,Y
17720,Y
17721,Y
17722,Y
17723,Y
17724,Y
17725,Y
17726,Y
17727,Y
17728,Y
17729,Y
17730,Y
17731,Y
17732,Y
17733,Y
17734,Y
17735,Y
17736,Y
17737,Y
17738,Y
17739,Y
17740,Y
17741,Y
17742,Y
17743,Y
17744,Y
17745,Y
17746,Y
17747,Y
17748,Y
17749,Y
17750,Y
17751,Y
17752,Y
17753,Y
17754,Y
17755,Y
17756,Y
17757,Y
17758,Y
17759,Y
17760,Y
17761,Y
17762,Y
17763,Y
17764,Y
17765,Y
17766,Y
17767,Y
17768,Y
17769,Y
17770,Y
17771,Y
17772,Y
17773,Y
17774,Y
17775,Y
17776,Y
17777,Y
17778,Y
17779,Y
17780,Y
17781,Y
17782,Y
17783,Y
17784,Y
17785,Y
17786,Y
17787,Y
17788,Y
17789,Y
17790,Y
17791,Y
17792,Y
17793,Y
17794,Y
17795,Y
17796,Y
17797,Y
17798,Y
17799,Y
17800,Y
17801,Y
17802,Y
17803,Y
17804,Y
17805,Y
17806,Y
17807,Y
17808,Y
17809,Y
17810,Y
17811,Y
17812,Y
17813,Y
17814,Y
17815,Y
17816,Y
17817,Y
17818,Y
17819,Y
17820,Y
17821,Y
17822,Y
17823,Y
17824,Y
17825,Y
17826,Y
17827,Y
17828,Y
17829,Y
17830,Y
17831,Y
17832,Y
17833,Y
17834,Y
17835,Y
17836,Y
17837,Y
17838,Y
17839,Y
17840,Y
17841,Y
17842,Y
17843,Y
17844,Y
17845,Y
17846,Y
17847,Y
17848,Y
17849,Y
17850,Y
17851,Y
17852,Y
17853,Y
17854,Y
17855,Y
17856,Y
17857,Y
17858,Y
17859,Y
17860,Y
17861,Y
17862,Y
17863,Y
17864,Y
17865,Y
17866,Y
17867,Y
17868,Y
17869,Y
17870,Y
17871,Y
17872,Y
17873,Y
17874,Y
17875,Y
17876,Y
17877,Y
17878,Y
17879,Y
17880,Y
17881,Y
17882,Y
17883,Y
17884,Y
17885,Y
17886,Y
17887,Y
17888,Y
17889,Y
17890,Y
17891,Y
17892,Y
17893,Y
17894,Y
17895,Y
17896,Y
17897,Y
17898,Y
17899,Y
17900,Y
17901,Y
17902,Y
17903,Y
17904,Y
17905,Y
17906,Y
17907,Y
17908,Y
17909,Y
17910,Y
17911,Y
17912,Y
17913,Y
17914,Y
17915,Y
17916,Y
17917,Y
17918,Y
17919,Y
17920,Y
17921,Y
17922,Y
17923,Y
17924,Y
17925,Y
17926,Y
17927,Y
17928,Y
17929,Y
17930,Y
17931,Y
17932,Y
17933,Y
17934,Y
17935,Y
17936,Y
17937,Y
17938,Y
17939,Y
17940,Y
17941,Y
17942,Y
17943,Y
17944,Y
17945,Y
17946,Y
17947,Y
17948,Y
17949,Y
17950,Y
17951,Y
17952,Y
17953,Y
17954,Y
17955,Y
17956,Y
17957,Y
17958,Y
17959,Y
17960,Y
17961,Y
17962,Y
17963,Y
17964,Y
17965,Y
17966,Y
17967,Y
17968,Y
17969,Y
17970,Y
17971,Y
17972,Y
17973,Y
17974,Y
17975,Y
17976,Y
17977,Y
17978,Y
17979,Y
17980,Y
17981,Y
17982,Y
17983,Y
17984,Y
17985,Y
17986,Y
17987,Y
17988,Y
17989,Y
17990,Y
17991,Y
17992,Y
17993,Y
17994,Y
17995,Y
17996,Y
17997,Y
17998,Y
17999,Y
18000,Y
18001,Y
18002,Y
18003,Y
18004,Y
18005,Y
18006,Y
18007,Y
18008,Y
18009,Y
18010,Y
18011,Y
18012,Y
18013,Y
18014,Y
18015,Y
18016,Y
18017,Y
18018,Y
18019,Y
18020,Y
18021,Y
18022,Y
18023,Y
18024,Y
18025,Y
18026,Y
18027,Y
18028,Y
18029,Y
18030,Y
18031,Y
18032,Y
18033,Y
18034,Y
18035,Y
18036,Y
18037,Y
18038,Y
18039,Y
18040,Y
18041,Y
18042,Y
18043,Y
18044,Y
18045,Y
18046,Y
18047,Y
18048,Y
18049,Y
18050,Y
18051,Y
18052,Y
18053,Y
18054,Y
18055,Y
18056,Y
18057,Y
18058,Y
18059,Y
18060,Y
18061,Y
18062,Y
18063,Y
18064,Y
18065,Y
18066,Y
18067,Y
18068,Y
18069,Y
18070,Y
18071,Y
18072,Y
18073,Y
18074,Y
18075,Y
18076,Y
18077,Y
18078,Y
18079,Y
18080,Y
18081,Y
18082,Y
18083,Y
18084,Y
18085,Y
18086,Y
18087,Y
18088,Y
18089,Y
18090,Y
18091,Y
18092,Y
18093,Y
18094,Y
18095,Y
18096,Y
18097,Y
18098,Y
18099,Y
18100,Y
18101,Y
18102,Y
18103,Y
18104,Y
18105,Y
18106,Y
18107,Y
18108,Y
18109,Y
18110,Y
18111,Y
18112,Y
18113,Y
18114,Y
18115,Y
18116,Y
18117,Y
18118,Y
18119,Y
18120,Y
18121,Y
18122,Y
18123,Y
18124,Y
18125,Y
18126,Y
18127,Y
18128,Y
18129,Y
18130,Y
18131,Y
18132,Y
18133,Y
18134,Y
18135,Y
18136,Y
18137,Y
18138,Y
18139,Y
18140,Y
18141,Y
18142,Y
18143,Y
18144,Y
18145,Y
18146,Y
18147,Y
18148,Y
18149,Y
18150,Y
18151,Y
18152,Y
18153,Y
18154,Y
18155,Y
18156,Y
18157,Y
18158,Y
18159,Y
18160,Y
18161,Y
18162,Y
18163,Y
18164,Y
18165,Y
18166,Y
18167,Y
18168,Y
18169,Y
18170,Y
18171,Y
18172,Y
18173,Y
18174,Y
18175,Y
18176,Y
18177,Y
18178,Y
18179,Y
18180,Y
18181,Y
18182,Y
18183,Y
18184,Y
18185,Y
18186,Y
18187,Y
18188,Y
18189,Y
18190,Y
18191,Y
18192,Y
18193,Y
18194,Y
18195,Y
18196,Y
18197,Y
18198,Y
18199,Y
18200,Y
18201,Y
18202,Y
18203,Y
18204,Y
18205,Y
18206,Y
18207,Y
18208,Y
18209,Y
18210,Y
18211,Y
18212,Y
18213,Y
18214,Y
18215,Y
18216,Y
18217,Y
18218,Y
18219,Y
18220,Y
18221,Y
18222,Y
18223,Y
18224,Y
18225,Y
18226,Y
18227,Y
18228,Y
18229,Y
18230,Y
18231,Y
18232,Y
18233,Y
18234,Y
18235,Y
18236,Y
18237,Y
18238,Y
18239,Y
18240,Y
18241,Y
18242,Y
18243,Y
18244,Y
18245,Y
18246,Y
18247,Y
18248,Y
18249,Y
18250,Y
18251,Y
18252,Y
18253,Y
18254,Y
18255,Y
18256,Y
18257,Y
18258,Y
18259,Y
18260,Y
18261,Y
18262,Y
18263,Y
18264,Y
18265,Y
18266,Y
18267,Y
18268,Y
18269,Y
18270,Y
18271,Y
18272,Y
18273,Y
18274,Y
18275,Y
18276,Y
18277,Y
18278,Y
18279,Y
18280,Y
18281,Y
18282,Y
18283,Y
18284,Y
18285,Y
18286,Y
18287,Y
18288,Y
18289,Y
18290,Y
18291,Y
18292,Y
18293,Y
18294,Y
18295,Y
18296,Y
18297,Y
18298,Y
18299,Y
18300,Y
18301,Y
18302,Y
18303,Y
18304,Y
18305,Y
18306,Y
18307,Y
18308,Y
18309,Y
18310,Y
18311,Y
18312,Y
18313,Y
18314,Y
18315,Y
18316,Y
18317,Y
18318,Y
18319,Y
18320,Y
18321,Y
18322,Y
18323,Y
18324,Y
18325,Y
18326,Y
18327,Y
18328,Y
18329,Y
18330,Y
18331,Y
18332,Y
18333,Y
18334,Y
18335,Y
18336,Y
18337,Y
18338,Y
18339,Y
18340,Y
18341,Y
18342,Y
18343,Y
18344,Y
18345,Y
18346,Y
18347,Y
18348,Y
18349,Y
18350,Y
18351,Y
18352,Y
18353,Y
18354,Y
18355,Y
18356,Y
18357,Y
18358,Y
18359,Y
18360,Y
18361,Y
18362,Y
18363,Y
18364,Y
18365,Y
18366,Y
18367,Y
18368,Y
18369,Y
18370,Y
18371,Y
18372,Y
18373,Y
18374,Y
18375,Y
18376,Y
18377,Y
18378,Y
18379,Y
18380,Y
18381,Y
18382,Y
18383,Y
18384,Y
18385,Y
18386,Y
18387,Y
18388,Y
18389,Y
18390,Y
18391,Y
18392,Y
18393,Y
18394,Y
18395,Y
18396,Y
18397,Y
18398,Y
18399,Y
18400,Y
18401,Y
18402,Y
18403,Y
18404,Y
18405,Y
18406,Y
18407,Y
18408,Y
18409,Y
18410,Y
18411,Y
18412,Y
18413,Y
18414,Y
18415,Y
18416,Y
18417,Y
18418,Y
18419,Y
18420,Y
18421,Y
18422,Y
18423,Y
18424,Y
18425,Y
18426,Y
18427,Y
18428,Y
18429,Y
18430,Y
18431,Y
18432,Y
18433,Y
18434,Y
18435,Y
18436,Y
18437,Y
18438,Y
18439,Y
18440,Y
18441,Y
18442,Y
18443,Y
18444,Y
18445,Y
18446,Y
18447,Y
18448,Y
18449,Y
18450,Y
18451,Y
18452,Y
18453,Y
18454,Y
18455,Y
18456,Y
18457,Y
18458,Y
18459,Y
18460,Y
18461,Y
18462,Y
18463,Y
18464,Y
18465,Y
18466,Y
18467,Y
18468,Y
18469,Y
18470,Y
18471,Y
18472,Y
18473,Y
18474,Y
18475,Y
18476,Y
18477,Y
18478,Y
18479,Y
18480,Y
18481,Y
18482,Y
18483,Y
18484,Y
18485,Y
18486,Y
18487,Y
18488,Y
18489,Y
18490,Y
18491,Y
18492,Y
18493,Y
18494,Y
18495,Y
18496,Y
18497,Y
18498,Y
18499,Y
18500,Y
18501,Y
18502,Y
18503,Y
18504,Y
18505,Y
18506,Y
18507,Y
18508,Y
18509,Y
18510,Y
18511,Y
18512,Y
18513,Y
18514,Y
18515,Y
18516,Y
18517,Y
18518,Y
18519,Y
18520,Y
18521,Y
18522,Y
18523,Y
18524,Y
18525,Y
18526,Y
18527,Y
18528,Y
18529,Y
18530,Y
18531,Y
18532,Y
18533,Y
18534,Y
18535,Y
18536,Y
18537,Y
18538,Y
18539,Y
18540,Y
18541,Y
18542,Y
18543,Y
18544,Y
18545,Y
18546,Y
18547,Y
18548,Y
18549,Y
18550,Y
18551,Y
18552,Y
18553,Y
18554,Y
18555,Y
18556,Y
18557,Y
18558,Y
18559,Y
18560,Y
18561,Y
18562,Y
18563,Y
18564,Y
18565,Y
18566,Y
18567,Y
18568,Y
18569,Y
18570,Y
18571,Y
18572,Y
18573,Y
18574,Y
18575,Y
18576,Y
18577,Y
18578,Y
18579,Y
18580,Y
18581,Y
18582,Y
18583,Y
18584,Y
18585,Y
18586,Y
18587,Y
18588,Y
18589,Y
18590,Y
18591,Y
18592,Y
18593,Y
18594,Y
18595,Y
18596,Y
18597,Y
18598,Y
18599,Y
18600,Y
18601,Y
18602,Y
18603,Y
18604,Y
18605,Y
18606,Y
18607,Y
18608,Y
18609,Y
18610,Y
18611,Y
18612,Y
18613,Y
18614,Y
18615,Y
18616,Y
18617,Y
18618,Y
18619,Y
18620,Y
18621,Y
18622,Y
18623,Y
18624,Y
18625,Y
18626,Y
18627,Y
18628,Y
18629,Y
18630,Y
18631,Y
18632,Y
18633,Y
18634,Y
18635,Y
18636,Y
18637,Y
18638,Y
18639,Y
18640,Y
18641,Y
18642,Y
18643,Y
18644,Y
18645,Y
18646,Y
18647,Y
18648,Y
18649,Y
18650,Y
18651,Y
18652,Y
18653,Y
18654,Y
18655,Y
18656,Y
18657,Y
18658,Y
18659,Y
18660,Y
18661,Y
18662,Y
18663,Y
18664,Y
18665,Y
18666,Y
18667,Y
18668,Y
18669,Y
18670,Y
18671,Y
18672,Y
18673,Y
18674,Y
18675,Y
18676,Y
18677,Y
18678,Y
18679,Y
18680,Y
18681,Y
18682,Y
18683,Y
18684,Y
18685,Y
18686,Y
18687,Y
18688,Y
18689,Y
18690,Y
18691,Y
18692,Y
18693,Y
18694,Y
18695,Y
18696,Y
18697,Y
18698,Y
18699,Y
18700,Y
18701,Y
18702,Y
18703,Y
18704,Y
18705,Y
18706,Y
18707,Y
18708,Y
18709,Y
18710,Y
18711,Y
18712,Y
18713,Y
18714,Y
18715,Y
18716,Y
18717,Y
18718,Y
18719,Y
18720,Y
18721,Y
18722,Y
18723,Y
18724,Y
18725,Y
18726,Y
18727,Y
18728,Y
18729,Y
18730,Y
18731,Y
18732,Y
18733,Y
18734,Y
18735,Y
18736,Y
18737,Y
18738,Y
18739,Y
18740,Y
18741,Y
18742,Y
18743,Y
18744,Y
18745,Y
18746,Y
18747,Y
18748,Y
18749,Y
18750,Y
18751,Y
18752,Y
18753,Y
18754,Y
18755,Y
18756,Y
18757,Y
18758,Y
18759,Y
18760,Y
18761,Y
18762,Y
18763,Y
18764,Y
18765,Y
18766,Y
18767,Y
18768,Y
18769,Y
18770,Y
18771,Y
18772,Y
18773,Y
18774,Y
18775,Y
18776,Y
18777,Y
18778,Y
18779,Y
18780,Y
18781,Y
18782,Y
18783,Y
18784,Y
18785,Y
18786,Y
18787,Y
18788,Y
18789,Y
18790,Y
18791,Y
18792,Y
18793,Y
18794,Y
18795,Y
18796,Y
18797,Y
18798,Y
18799,Y
18800,Y
18801,Y
18802,Y
18803,Y
18804,Y
18805,Y
18806,Y
18807,Y
18808,Y
18809,Y
18810,Y
18811,Y
18812,Y
18813,Y
18814,Y
18815,Y
18816,Y
18817,Y
18818,Y
18819,Y
18820,Y
18821,Y
18822,Y
18823,Y
18824,Y
18825,Y
18826,Y
18827,Y
18828,Y
18829,Y
18830,Y
18831,Y
18832,Y
18833,Y
18834,Y
18835,Y
18836,Y
18837,Y
18838,Y
18839,Y
18840,Y
18841,Y
18842,Y
18843,Y
18844,Y
18845,Y
18846,Y
18847,Y
18848,Y
18849,Y
18850,Y
18851,Y
18852,Y
18853,Y
18854,Y
18855,Y
18856,Y
18857,Y
18858,Y
18859,Y
18860,Y
18861,Y
18862,Y
18863,Y
18864,Y
18865,Y
18866,Y
18867,Y
18868,Y
18869,Y
18870,Y
18871,Y
18872,Y
18873,Y
18874,Y
18875,Y
18876,Y
18877,Y
18878,Y
18879,Y
18880,Y
18881,Y
18882,Y
18883,Y
18884,Y
18885,Y
18886,Y
18887,Y
18888,Y
18889,Y
18890,Y
18891,Y
18892,Y
18893,Y
18894,Y
18895,Y
18896,Y
18897,Y
18898,Y
18899,Y
18900,Y
18901,Y
18902,Y
18903,Y
18904,Y
18905,Y
18906,Y
18907,Y
18908,Y
18909,Y
18910,Y
18911,Y
18912,Y
18913,Y
18914,Y
18915,Y
18916,Y
18917,Y
18918,Y
18919,Y
18920,Y
18921,Y
18922,Y
18923,Y
18924,Y
18925,Y
18926,Y
18927,Y
18928,Y
18929,Y
18930,Y
18931,Y
18932,Y
18933,Y
18934,Y
18935,Y
18936,Y
18937,Y
18938,Y
18939,Y
18940,Y
18941,Y
18942,Y
18943,Y
18944,Y
18945,Y
18946,Y
18947,Y
18948,Y
18949,Y
18950,Y
18951,Y
18952,Y
18953,Y
18954,Y
18955,Y
18956,Y
18957,Y
18958,Y
18959,Y
18960,Y
18961,Y
18962,Y
18963,Y
18964,Y
18965,Y
18966,Y
18967,Y
18968,Y
18969,Y
18970,Y
18971,Y
18972,Y
18973,Y
18974,Y
18975,Y
18976,Y
18977,Y
18978,Y
18979,Y
18980,Y
18981,Y
18982,Y
18983,Y
18984,Y
18985,Y
18986,Y
18987,Y
18988,Y
18989,Y
18990,Y
18991,Y
18992,Y
18993,Y
18994,Y
18995,Y
18996,Y
18997,Y
18998,Y
18999,Y
19000,Y
19001,Y
19002,Y
19003,Y
19004,Y
19005,Y
19006,Y
19007,Y
19008,Y
19009,Y
19010,Y
19011,Y
19012,Y
19013,Y
19014,Y
19015,Y
19016,Y
19017,Y
19018,Y
19019,Y
19020,Y
19021,Y
19022,Y
19023,Y
19024,Y
19025,Y
19026,Y
19027,Y
19028,Y
19029,Y
19030,Y
19031,Y
19032,Y
19033,Y
19034,Y
19035,Y
19036,Y
19037,Y
19038,Y
19039,Y
19040,Y
19041,Y
19042,Y
19043,Y
19044,Y
19045,Y
19046,Y
19047,Y
19048,Y
19049,Y
19050,Y
19051,Y
19052,Y
19053,Y
19054,Y
19055,Y
19056,Y
19057,Y
19058,Y
19059,Y
19060,Y
19061,Y
19062,Y
19063,Y
19064,Y
19065,Y
19066,Y
19067,Y
19068,Y
19069,Y
19070,Y
19071,Y
19072,Y
19073,Y
19074,Y
19075,Y
19076,Y
19077,Y
19078,Y
19079,Y
19080,Y
19081,Y
19082,Y
19083,Y
19084,Y
19085,Y
19086,Y
19087,Y
19088,Y
19089,Y
19090,Y
19091,Y
19092,Y
19093,Y
19094,Y
19095,Y
19096,Y
19097,Y
19098,Y
19099,Y
19100,Y
19101,Y
19102,Y
19103,Y
19104,Y
19105,Y
19106,Y
19107,Y
19108,Y
19109,Y
19110,Y
19111,Y
19112,Y
19113,Y
19114,Y
19115,Y
19116,Y
19117,Y
19118,Y
19119,Y
19120,Y
19121,Y
19122,Y
19123,Y
19124,Y
19125,Y
19126,Y
19127,Y
19128,Y
19129,Y
19130,Y
19131,Y
19132,Y
19133,Y
19134,Y
19135,Y
19136,Y
19137,Y
19138,Y
19139,Y
19140,Y
19141,Y
19142,Y
19143,Y
19144,Y
19145,Y
19146,Y
19147,Y
19148,Y
19149,Y
19150,Y
19151,Y
19152,Y
19153,Y
19154,Y
19155,Y
19156,Y
19157,Y
19158,Y
19159,Y
19160,Y
19161,Y
19162,Y
19163,Y
19164,Y
19165,Y
19166,Y
19167,Y
19168,Y
19169,Y
19170,Y
19171,Y
19172,Y
19173,Y
19174,Y
19175,Y
19176,Y
19177,Y
19178,Y
19179,Y
19180,Y
19181,Y
19182,Y
19183,Y
19184,Y
19185,Y
19186,Y
19187,Y
19188,Y
19189,Y
19190,Y
19191,Y
19192,Y
19193,Y
19194,Y
19195,Y
19196,Y
19197,Y
19198,Y
19199,Y
19200,Y
19201,Y
19202,Y
19203,Y
19204,Y
19205,Y
19206,Y
19207,Y
19208,Y
19209,Y
19210,Y
19211,Y
19212,Y
19213,Y
19214,Y
19215,Y
19216,Y
19217,Y
19218,Y
19219,Y
19220,Y
19221,Y
19222,Y
19223,Y
19224,Y
19225,Y
19226,Y
19227,Y
19228,Y
19229,Y
19230,Y
19231,Y
19232,Y
19233,Y
19234,Y
19235,Y
19236,Y
19237,Y
19238,Y
19239,Y
19240,Y
19241,Y
19242,Y
19243,Y
19244,Y
19245,Y
19246,Y
19247,Y
19248,Y
19249,Y
19250,Y
19251,Y
19252,Y
19253,Y
19254,Y
19255,Y
19256,Y
19257,Y
19258,Y
19259,Y
19260,Y
19261,Y
19262,Y
19263,Y
19264,Y
19265,Y
19266,Y
19267,Y
19268,Y
19269,Y
19270,Y
19271,Y
19272,Y
19273,Y
19274,Y
19275,Y
19276,Y
19277,Y
19278,Y
19279,Y
19280,Y
19281,Y
19282,Y
19283,Y
19284,Y
19285,Y
19286,Y
19287,Y
19288,Y
19289,Y
19290,Y
19291,Y
19292,Y
19293,Y
19294,Y
19295,Y
19296,Y
19297,Y
19298,Y
19299,Y
19300,Y
19301,Y
19302,Y
19303,Y
19304,Y
19305,Y
19306,Y
19307,Y
19308,Y
19309,Y
19310,Y
19311,Y
19312,Y
19313,Y
19314,Y
19315,Y
19316,Y
19317,Y
19318,Y
19319,Y
19320,Y
19321,Y
19322,Y
19323,Y
19324,Y
19325,Y
19326,Y
19327,Y
19328,Y
19329,Y
19330,Y
19331,Y
19332,Y
19333,Y
19334,Y
19335,Y
19336,Y
19337,Y
19338,Y
19339,Y
19340,Y
19341,Y
19342,Y
19343,Y
19344,Y
19345,Y
19346,Y
19347,Y
19348,Y
19349,Y
19350,Y
19351,Y
19352,Y
19353,Y
19354,Y
19355,Y
19356,Y
19357,Y
19358,Y
19359,Y
19360,Y
19361,Y
19362,Y
19363,Y
19364,Y
19365,Y
19366,Y
19367,Y
19368,Y
19369,Y
19370,Y
19371,Y
19372,Y
19373,Y
19374,Y
19375,Y
19376,Y
19377,Y
19378,Y
19379,Y
19380,Y
19381,Y
19382,Y
19383,Y
19384,Y
19385,Y
19386,Y
19387,Y
19388,Y
19389,Y
19390,Y
19391,Y
19392,Y
19393,Y
19394,Y
19395,Y
19396,Y
19397,Y
19398,Y
19399,Y
19400,Y
19401,Y
19402,Y
19403,Y
19404,Y
19405,Y
19406,Y
19407,Y
19408,Y
19409,Y
19410,Y
19411,Y
19412,Y
19413,Y
19414,Y
19415,Y
19416,Y
19417,Y
19418,Y
19419,Y
19420,Y
19421,Y
19422,Y
19423,Y
19424,Y
19425,Y
19426,Y
19427,Y
19428,Y
19429,Y
19430,Y
19431,Y
19432,Y
19433,Y
19434,Y
19435,Y
19436,Y
19437,Y
19438,Y
19439,Y
19440,Y
19441,Y
19442,Y
19443,Y
19444,Y
19445,Y
19446,Y
19447,Y
19448,Y
19449,Y
19450,Y
19451,Y
19452,Y
19453,Y
19454,Y
19455,Y
19456,Y
19457,Y
19458,Y
19459,Y
19460,Y
19461,Y
19462,Y
19463,Y
19464,Y
19465,Y
19466,Y
19467,Y
19468,Y
19469,Y
19470,Y
19471,Y
19472,Y
19473,Y
19474,Y
19475,Y
19476,Y
19477,Y
19478,Y
19479,Y
19480,Y
19481,Y
19482,Y
19483,Y
19484,Y
19485,Y
19486,Y
19487,Y
19488,Y
19489,Y
19490,Y
19491,Y
19492,Y
19493,Y
19494,Y
19495,Y
19496,Y
19497,Y
19498,Y
19499,Y
19500,Y
19501,Y
19502,Y
19503,Y
19504,Y
19505,Y
19506,Y
19507,Y
19508,Y
19509,Y
19510,Y
19511,Y
19512,Y
19513,Y
19514,Y
19515,Y
19516,Y
19517,Y
19518,Y
19519,Y
19520,Y
19521,Y
19522,Y
19523,Y
19524,Y
19525,Y
19526,Y
19527,Y
19528,Y
19529,Y
19530,Y
19531,Y
19532,Y
19533,Y
19534,Y
19535,Y
19536,Y
19537,Y
19538,Y
19539,Y
19540,Y
19541,Y
19542,Y
19543,Y
19544,Y
19545,Y
19546,Y
19547,Y
19548,Y
19549,Y
19550,Y
19551,Y
19552,Y
19553,Y
19554,Y
19555,Y
19556,Y
19557,Y
19558,Y
19559,Y
19560,Y
19561,Y
19562,Y
19563,Y
19564,Y
19565,Y
19566,Y
19567,Y
19568,Y
19569,Y
19570,Y
19571,Y
19572,Y
19573,Y
19574,Y
19575,Y
19576,Y
19577,Y
19578,Y
19579,Y
19580,Y
19581,Y
19582,Y
19583,Y
19584,Y
19585,Y
19586,Y
19587,Y
19588,Y
19589,Y
19590,Y
19591,Y
19592,Y
19593,Y
19594,Y
19595,Y
19596,Y
19597,Y
19598,Y
19599,Y
19600,Y
19601,Y
19602,Y
19603,Y
19604,Y
19605,Y
19606,Y
19607,Y
19608,Y
19609,Y
19610,Y
19611,Y
19612,Y
19613,Y
19614,Y
19615,Y
19616,Y
19617,Y
19618,Y
19619,Y
19620,Y
19621,Y
19622,Y
19623,Y
19624,Y
19625,Y
19626,Y
19627,Y
19628,Y
19629,Y
19630,Y
19631,Y
19632,Y
19633,Y
19634,Y
19635,Y
19636,Y
19637,Y
19638,Y
19639,Y
19640,Y
19641,Y
19642,Y
19643,Y
19644,Y
19645,Y
19646,Y
19647,Y
19648,Y
19649,Y
19650,Y
19651,Y
19652,Y
19653,Y
19654,Y
19655,Y
19656,Y
19657,Y
19658,Y
19659,Y
19660,Y
19661,Y
19662,Y
19663,Y
19664,Y
19665,Y
19666,Y
19667,Y
19668,Y
19669,Y
19670,Y
19671,Y
19672,Y
19673,Y
19674,Y
19675,Y
19676,Y
19677,Y
19678,Y
19679,Y
19680,Y
19681,Y
19682,Y
19683,Y
19684,Y
19685,Y
19686,Y
19687,Y
19688,Y
19689,Y
19690,Y
19691,Y
19692,Y
19693,Y
19694,Y
19695,Y
19696,Y
19697,Y
19698,Y
19699,Y
19700,Y
19701,Y
19702,Y
19703,Y
19704,Y
19705,Y
19706,Y
19707,Y
19708,Y
19709,Y
19710,Y
19711,Y
19712,Y
19713,Y
19714,Y
19715,Y
19716,Y
19717,Y
19718,Y
19719,Y
19720,Y
19721,Y
19722,Y
19723,Y
19724,Y
19725,Y
19726,Y
19727,Y
19728,Y
19729,Y
19730,Y
19731,Y
19732,Y
19733,Y
19734,Y
19735,Y
19736,Y
19737,Y
19738,Y
19739,Y
19740,Y
19741,Y
19742,Y
19743,Y
19744,Y
19745,Y
19746,Y
19747,Y
19748,Y
19749,Y
19750,Y
19751,Y
19752,Y
19753,Y
19754,Y
19755,Y
19756,Y
19757,Y
19758,Y
19759,Y
19760,Y
19761,Y
19762,Y
19763,Y
19764,Y
19765,Y
19766,Y
19767,Y
19768,Y
19769,Y
19770,Y
19771,Y
19772,Y
19773,Y
19774,Y
19775,Y
19776,Y
19777,Y
19778,Y
19779,Y
19780,Y
19781,Y
19782,Y
19783,Y
19784,Y
19785,Y
19786,Y
19787,Y
19788,Y
19789,Y
19790,Y
19791,Y
19792,Y
19793,Y
19794,Y
19795,Y
19796,Y
19797,Y
19798,Y
19799,Y
19800,Y
19801,Y
19802,Y
19803,Y
19804,Y
19805,Y
19806,Y
19807,Y
19808,Y
19809,Y
19810,Y
19811,Y
19812,Y
19813,Y
19814,Y
19815,Y
19816,Y
19817,Y
19818,Y
19819,Y
19820,Y
19821,Y
19822,Y
19823,Y
19824,Y
19825,Y
19826,Y
19827,Y
19828,Y
19829,Y
19830,Y
19831,Y
19832,Y
19833,Y
19834,Y
19835,Y
19836,Y
19837,Y
19838,Y
19839,Y
19840,Y
19841,Y
19842,Y
19843,Y
19844,Y
19845,Y
19846,Y
19847,Y
19848,Y
19849,Y
19850,Y
19851,Y
19852,Y
19853,Y
19854,Y
19855,Y
19856,Y
19857,Y
19858,Y
19859,Y
19860,Y
19861,Y
19862,Y
19863,Y
19864,Y
19865,Y
19866,Y
19867,Y
19868,Y
19869,Y
19870,Y
19871,Y
19872,Y
19873,Y
19874,Y
19875,Y
19876,Y
19877,Y
19878,Y
19879,Y
19880,Y
19881,Y
19882,Y
19883,Y
19884,Y
19885,Y
19886,Y
19887,Y
19888,Y
19889,Y
19890,Y
19891,Y
19892,Y
19893,Y
19894,Y
19895,Y
19896,Y
19897,Y
19898,Y
19899,Y
19900,Y
19901,Y
19902,Y
19903,Y
19904,Y
19905,Y
19906,Y
19907,Y
19908,Y
19909,Y
19910,Y
19911,Y
19912,Y
19913,Y
19914,Y
19915,Y
19916,Y
19917,Y
19918,Y
19919,Y
19920,Y
19921,Y
19922,Y
19923,Y
19924,Y
19925,Y
19926,Y
19927,Y
19928,Y
19929,Y
19930,Y
19931,Y
19932,Y
19933,Y
19934,Y
19935,Y
19936,Y
19937,Y
19938,Y
19939,Y
19940,Y
19941,Y
19942,Y
19943,Y
19944,Y
19945,Y
19946,Y
19947,Y
19948,Y
19949,Y
19950,Y
19951,Y
19952,Y
19953,Y
19954,Y
19955,Y
19956,Y
19957,Y
19958,Y
19959,Y
19960,Y
19961,Y
19962,Y
19963,Y
19964,Y
19965,Y
19966,Y
19967,Y
19968,Y
19969,Y
19970,Y
19971,Y
19972,Y
19973,Y
19974,Y
19975,Y
19976,Y
19977,Y
19978,Y
19979,Y
19980,Y
19981,Y
19982,Y
19983,Y
19984,Y
19985,Y
19986,Y
19987,Y
19988,Y
19989,Y
19990,Y
19991,Y
19992,Y
19993,Y
19994,Y
19995,Y
19996,Y
19997,Y
19998,Y
19999,Y
20000,Y
